{
	"result": [{
			"name": "Help",
			"link": "https://media3.giphy.com/media/e09wwkNgKt2jC/200w.webp?cid=19f5b51a5c44b1464f5032782e236bda",
			"linkliff": "Line://app/1603968955-ORWb9RdY/?type=text&text=Help"
		},
		{
			"name": "Help1",
			"link": "https://media1.giphy.com/media/RDnBOLf1rwsIo/200.webp?cid=19f5b51a5c44b23073647a42591d9c11",
			"linkliff": "Line://app/1603968955-ORWb9RdY/?type=text&text=Help1"
		},
		{
			"name": "Help2",
			"link": "https://media1.giphy.com/media/ObSoibvdHUW6k/200w.webp?cid=19f5b51a5c44b23073647a42591d9c11",
			"linkliff": "Line://app/1603968955-ORWb9RdY/?type=text&text=Help2"
		},
		{
			"name": "Bc1:",
			"link": "https://media1.giphy.com/media/JZ3sDHgd48Dao/200w.webp?cid=19f5b51a5c44b23073647a42591d9c11",
			"linkliff": "Line://app/1603968955-ORWb9RdY/?type=text&text=Bc1:"
		},
		{
			"name": "Team",
			"link": "https://media1.giphy.com/media/3bfcfdKirTrMY/200w.webp?cid=19f5b51a5c44b321337331566b00851f",
			"linkliff": "Line://app/1603968955-ORWb9RdY/?type=text&text=Team"
		},
		{
			"name": "Joox-judul",
			"link": "https://media3.giphy.com/media/AD9YKaY2vxTXO/200w.webp?cid=19f5b51a5c44b321337331566b00851f",
			"linkliff": "Line://app/1603968955-ORWb9RdY/?type=text&text=Joox-judul"
		},
		{
			"name": "About",
			"link": "https://media1.giphy.com/media/sb52SaZBPS1oc/100.webp?cid=19f5b51a5c44b4e652305a57737a1bcc",
			"linkliff": "Line://app/1603968955-ORWb9RdY/?type=text&text=About"
		
		}
	]
}
