{ 
    "restartPoint": {},
    "restartBot": {},
    "userAgent": {},
    "keyCommand": "",
    "autoAdd": false,
    "autoJoin": false,
    "autoReject": false,
    "autoLeave": true,
    "autoRead": false,
    "server": {},
    "changePicture": false,
    "changeGroupPicture": false,
    "autoJoinTicket": false,
    "Img": {},
    "Images": {},
    "Addimage": false,
    "TJAdmin": {},
    "TJGfoto": {},
    "TJSDadmin": false,
    "TJSDstaff": false,
    "TJSadmin": false,
    "TJSstaff": false,
    "TJStaff": {},
    "TJautojoin": true,
    "TJautoread": false,
    "TJautoscan": false,
    "TJblacklist": {
        "ucf97e89bfc77943c7d11c52c9c46b2b9": true
    },
    "TJdblacklist": false,
    "TJfoto": {},
    "TJgreet": {},
    "TJlimit": 1,
    "TJmessage": "Hallo...",
    "TJmessage1": "Minat? Chat http://line.me/ti/p/~nad_nad.",
    "TJprotcancel": {},
    "TJprotinvite": {},
    "TJprotkick": {},
    "TJprotqr": {},
    "TJreadMember": {},
    "TJreadPoint": {},
    "TJwblacklist": false
}
